Campaign,Campaign Type,Campaign Status,Budget,Budget Type,Bid Strategy Type,Search Network,Display Network,Search Partners,Languages,Ad Group,Ad Group Status,Max CPC,Keyword,Criterion Type,Status,Final URL,Ad Type,Path 1,Path 2,Headline 1,Headline 2,Headline 3,Headline 4,Headline 5,Headline 6,Headline 7,Headline 8,Headline 9,Headline 10,Headline 11,Headline 12,Headline 13,Headline 14,Headline 15,Description 1,Description 2,Description 3,Description 4
2KOS | Systems | Search | ZA,,,,,,,,,,SHEQ incidents,Enabled,25,,,,,,,,,,,,,,,,,,,,,,,,,,
2KOS | Systems | Search | ZA,,,,,,,,,,SHEQ incidents,,,incident reporting system,Exact,Enabled,https://2kosystems.com/systems/sheq-incident-reporting,,,,,,,,,,,,,,,,,,,,,,
2KOS | Systems | Search | ZA,,,,,,,,,,SHEQ incidents,,,incident management system,Exact,Enabled,https://2kosystems.com/systems/sheq-incident-reporting,,,,,,,,,,,,,,,,,,,,,,
2KOS | Systems | Search | ZA,,,,,,,,,,SHEQ incidents,,,sheq software,Exact,Enabled,https://2kosystems.com/systems/sheq-incident-reporting,,,,,,,,,,,,,,,,,,,,,,
2KOS | Systems | Search | ZA,,,,,,,,,,SHEQ incidents,,,safety incident reporting software,Exact,Enabled,https://2kosystems.com/systems/sheq-incident-reporting,,,,,,,,,,,,,,,,,,,,,,
2KOS | Systems | Search | ZA,,,,,,,,,,SHEQ incidents,,,incident reporting software south africa,Exact,Enabled,https://2kosystems.com/systems/sheq-incident-reporting,,,,,,,,,,,,,,,,,,,,,,
2KOS | Systems | Search | ZA,,,,,,,,,,SHEQ incidents,,,sheq management system,Exact,Enabled,https://2kosystems.com/systems/sheq-incident-reporting,,,,,,,,,,,,,,,,,,,,,,
2KOS | Systems | Search | ZA,,,,,,,,,,SHEQ incidents,,,safety management system,Exact,Enabled,https://2kosystems.com/systems/sheq-incident-reporting,,,,,,,,,,,,,,,,,,,,,,
2KOS | Systems | Search | ZA,,,,,,,,,,SHEQ incidents,,,capa software,Exact,Enabled,https://2kosystems.com/systems/sheq-incident-reporting,,,,,,,,,,,,,,,,,,,,,,
2KOS | Systems | Search | ZA,,,,,,,,,,SHEQ incidents,,,incident reporting system,Phrase,Enabled,https://2kosystems.com/systems/sheq-incident-reporting,,,,,,,,,,,,,,,,,,,,,,
2KOS | Systems | Search | ZA,,,,,,,,,,SHEQ incidents,,,sheq management system,Phrase,Enabled,https://2kosystems.com/systems/sheq-incident-reporting,,,,,,,,,,,,,,,,,,,,,,
2KOS | Systems | Search | ZA,,,,,,,,,,SHEQ incidents,,,safety management software,Phrase,Enabled,https://2kosystems.com/systems/sheq-incident-reporting,,,,,,,,,,,,,,,,,,,,,,
2KOS | Systems | Search | ZA,,,,,,,,,,SHEQ incidents,,,incident management software,Phrase,Enabled,https://2kosystems.com/systems/sheq-incident-reporting,,,,,,,,,,,,,,,,,,,,,,
2KOS | Systems | Search | ZA,,,,,,,,,,SHEQ incidents,,,,,Enabled,https://2kosystems.com/systems/sheq-incident-reporting,Responsive search ad,systems,sheq,"SHEQ Incidents: R120,000",Fixed Price. Six Weeks.,Incident Reporting System,Close Out Every Action,Audit-Ready in Six Weeks,Built for SA Industry,The Price Is on the Site,"Root Cause, Not Just Logs",CAPA With Owners and Dates,Stop Rebuilding Audit Packs,Section 54 Evidence Ready,Near Misses Actually Logged,Off the SHEQ Spreadsheet,No Sales Call for a Price,One System. Fixed Scope.,"Incident capture, investigation, corrective actions and regulator-ready reporting.","The incident was reported. The corrective action was not. R120,000, 6 weeks.","Show every action from the last inspection closed out, on demand. Not from a folder.","Build your own scope and see the price in minutes. No forms, no discovery call."
2KOS | Systems | Search | ZA,,,,,,,,,,Contractor compliance,Enabled,25,,,,,,,,,,,,,,,,,,,,,,,,,,
2KOS | Systems | Search | ZA,,,,,,,,,,Contractor compliance,,,contractor management system,Exact,Enabled,https://2kosystems.com/systems/contractor-compliance,,,,,,,,,,,,,,,,,,,,,,
2KOS | Systems | Search | ZA,,,,,,,,,,Contractor compliance,,,contractor compliance software,Exact,Enabled,https://2kosystems.com/systems/contractor-compliance,,,,,,,,,,,,,,,,,,,,,,
2KOS | Systems | Search | ZA,,,,,,,,,,Contractor compliance,,,contractor management software,Exact,Enabled,https://2kosystems.com/systems/contractor-compliance,,,,,,,,,,,,,,,,,,,,,,
2KOS | Systems | Search | ZA,,,,,,,,,,Contractor compliance,,,site access control system,Exact,Enabled,https://2kosystems.com/systems/contractor-compliance,,,,,,,,,,,,,,,,,,,,,,
2KOS | Systems | Search | ZA,,,,,,,,,,Contractor compliance,,,induction tracking system,Exact,Enabled,https://2kosystems.com/systems/contractor-compliance,,,,,,,,,,,,,,,,,,,,,,
2KOS | Systems | Search | ZA,,,,,,,,,,Contractor compliance,,,contractor compliance system,Exact,Enabled,https://2kosystems.com/systems/contractor-compliance,,,,,,,,,,,,,,,,,,,,,,
2KOS | Systems | Search | ZA,,,,,,,,,,Contractor compliance,,,contractor management system south africa,Exact,Enabled,https://2kosystems.com/systems/contractor-compliance,,,,,,,,,,,,,,,,,,,,,,
2KOS | Systems | Search | ZA,,,,,,,,,,Contractor compliance,,,contractor management system,Phrase,Enabled,https://2kosystems.com/systems/contractor-compliance,,,,,,,,,,,,,,,,,,,,,,
2KOS | Systems | Search | ZA,,,,,,,,,,Contractor compliance,,,contractor compliance,Phrase,Enabled,https://2kosystems.com/systems/contractor-compliance,,,,,,,,,,,,,,,,,,,,,,
2KOS | Systems | Search | ZA,,,,,,,,,,Contractor compliance,,,site induction software,Phrase,Enabled,https://2kosystems.com/systems/contractor-compliance,,,,,,,,,,,,,,,,,,,,,,
2KOS | Systems | Search | ZA,,,,,,,,,,Contractor compliance,,,contractor management software,Phrase,Enabled,https://2kosystems.com/systems/contractor-compliance,,,,,,,,,,,,,,,,,,,,,,
2KOS | Systems | Search | ZA,,,,,,,,,,Contractor compliance,,,,,Enabled,https://2kosystems.com/systems/contractor-compliance,Responsive search ad,systems,contractors,Contractor Compliance: R95k,Fixed Price. Five Weeks.,Expiries That Alert You,"Site Access, Controlled",Medicals and Inductions,"Who Was On Site, and When",The Price Is on the Site,Onboard a Crew in a Day,No More Gate Guesswork,One Contractor Register,Built for SA Operations,"Induct Once, Not Each Visit",Audit-Ready Contractor Files,No Sales Call for a Price,Live in Five Weeks,"Onboarding, medicals, inductions, expiry alerts and site access approval. R95,000.","He is on site. His induction expired on Tuesday. Fixed price, five weeks, published.","Answer who was on site on the 14th with evidence, in seconds rather than in days.","Build your own scope and see the price in minutes. No forms, no discovery call."
2KOS | Systems | Search | ZA,,,,,,,,,,Stock and assets,Enabled,25,,,,,,,,,,,,,,,,,,,,,,,,,,
2KOS | Systems | Search | ZA,,,,,,,,,,Stock and assets,,,asset register software,Exact,Enabled,https://2kosystems.com/systems/stock-and-asset-register,,,,,,,,,,,,,,,,,,,,,,
2KOS | Systems | Search | ZA,,,,,,,,,,Stock and assets,,,asset management system,Exact,Enabled,https://2kosystems.com/systems/stock-and-asset-register,,,,,,,,,,,,,,,,,,,,,,
2KOS | Systems | Search | ZA,,,,,,,,,,Stock and assets,,,asset tracking system,Exact,Enabled,https://2kosystems.com/systems/stock-and-asset-register,,,,,,,,,,,,,,,,,,,,,,
2KOS | Systems | Search | ZA,,,,,,,,,,Stock and assets,,,stock management system,Exact,Enabled,https://2kosystems.com/systems/stock-and-asset-register,,,,,,,,,,,,,,,,,,,,,,
2KOS | Systems | Search | ZA,,,,,,,,,,Stock and assets,,,fixed asset register software,Exact,Enabled,https://2kosystems.com/systems/stock-and-asset-register,,,,,,,,,,,,,,,,,,,,,,
2KOS | Systems | Search | ZA,,,,,,,,,,Stock and assets,,,stock control system,Exact,Enabled,https://2kosystems.com/systems/stock-and-asset-register,,,,,,,,,,,,,,,,,,,,,,
2KOS | Systems | Search | ZA,,,,,,,,,,Stock and assets,,,asset register software south africa,Exact,Enabled,https://2kosystems.com/systems/stock-and-asset-register,,,,,,,,,,,,,,,,,,,,,,
2KOS | Systems | Search | ZA,,,,,,,,,,Stock and assets,,,inventory management system south africa,Exact,Enabled,https://2kosystems.com/systems/stock-and-asset-register,,,,,,,,,,,,,,,,,,,,,,
2KOS | Systems | Search | ZA,,,,,,,,,,Stock and assets,,,asset register software,Phrase,Enabled,https://2kosystems.com/systems/stock-and-asset-register,,,,,,,,,,,,,,,,,,,,,,
2KOS | Systems | Search | ZA,,,,,,,,,,Stock and assets,,,asset tracking system,Phrase,Enabled,https://2kosystems.com/systems/stock-and-asset-register,,,,,,,,,,,,,,,,,,,,,,
2KOS | Systems | Search | ZA,,,,,,,,,,Stock and assets,,,stock control system,Phrase,Enabled,https://2kosystems.com/systems/stock-and-asset-register,,,,,,,,,,,,,,,,,,,,,,
2KOS | Systems | Search | ZA,,,,,,,,,,Stock and assets,,,fixed asset register,Phrase,Enabled,https://2kosystems.com/systems/stock-and-asset-register,,,,,,,,,,,,,,,,,,,,,,
2KOS | Systems | Search | ZA,,,,,,,,,,Stock and assets,,,,,Enabled,https://2kosystems.com/systems/stock-and-asset-register,Responsive search ad,systems,assets,"Asset Register: R79,500",Fixed Price. Four Weeks.,"One Register, One Truth",Know Where Every Asset Is,Counts That Reconcile,Stock and Asset Tracking,The Price Is on the Site,Off the Stock Spreadsheet,Insurance Schedule Current,Track What Moved and Who,Built for SA Operations,Live in Four Weeks,No Sales Call for a Price,Depreciation Without Rework,One System. Fixed Scope.,"One register for what you own, where it is and what moved. R79,500, 4 weeks.","The count says 40. The shelf says 31. Fixed price, published on the site up front.",Stop ordering stock that is already on a shelf under a slightly different name.,"Build your own scope and see the price in minutes. No forms, no discovery call."
2KOS | Systems | Search | ZA,,,,,,,,,,Excel replacement,Enabled,25,,,,,,,,,,,,,,,,,,,,,,,,,,
2KOS | Systems | Search | ZA,,,,,,,,,,Excel replacement,,,excel replacement,Exact,Enabled,https://2kosystems.com/get-off-excel,,,,,,,,,,,,,,,,,,,,,,
2KOS | Systems | Search | ZA,,,,,,,,,,Excel replacement,,,replace excel with database,Exact,Enabled,https://2kosystems.com/get-off-excel,,,,,,,,,,,,,,,,,,,,,,
2KOS | Systems | Search | ZA,,,,,,,,,,Excel replacement,,,spreadsheet replacement,Exact,Enabled,https://2kosystems.com/get-off-excel,,,,,,,,,,,,,,,,,,,,,,
2KOS | Systems | Search | ZA,,,,,,,,,,Excel replacement,,,excel to web application,Exact,Enabled,https://2kosystems.com/get-off-excel,,,,,,,,,,,,,,,,,,,,,,
2KOS | Systems | Search | ZA,,,,,,,,,,Excel replacement,,,replace spreadsheets with software,Exact,Enabled,https://2kosystems.com/get-off-excel,,,,,,,,,,,,,,,,,,,,,,
2KOS | Systems | Search | ZA,,,,,,,,,,Excel replacement,,,excel alternative for business,Exact,Enabled,https://2kosystems.com/get-off-excel,,,,,,,,,,,,,,,,,,,,,,
2KOS | Systems | Search | ZA,,,,,,,,,,Excel replacement,,,move off spreadsheets,Exact,Enabled,https://2kosystems.com/get-off-excel,,,,,,,,,,,,,,,,,,,,,,
2KOS | Systems | Search | ZA,,,,,,,,,,Excel replacement,,,replace excel spreadsheet,Phrase,Enabled,https://2kosystems.com/get-off-excel,,,,,,,,,,,,,,,,,,,,,,
2KOS | Systems | Search | ZA,,,,,,,,,,Excel replacement,,,spreadsheet replacement software,Phrase,Enabled,https://2kosystems.com/get-off-excel,,,,,,,,,,,,,,,,,,,,,,
2KOS | Systems | Search | ZA,,,,,,,,,,Excel replacement,,,excel to database,Phrase,Enabled,https://2kosystems.com/get-off-excel,,,,,,,,,,,,,,,,,,,,,,
2KOS | Systems | Search | ZA,,,,,,,,,,Excel replacement,,,,,Enabled,https://2kosystems.com/get-off-excel,Responsive search ad,get-off-excel,,"Get Off Excel: R79,500",Fixed Price. Four Weeks.,Replace the Spreadsheet,One Version of the Truth,From Spreadsheet to System,The Price Is on the Site,Built for SA Businesses,No Sales Call for a Price,Live in Four Weeks,"Keep the Logic, Lose Excel",Nobody Owns That Formula,"Multi-User, No Conflicts",Build Your Scope Free,The Spreadsheet Outgrew You,One System. Fixed Scope.,"The spreadsheet outgrew itself. Replace it with a system in four weeks, R79,500.","Fixed price, published on the site. Scope agreed in week one and then held to.","Multi-user, audited, backed up. Everything the spreadsheet stopped being able to do.","Build your own scope and see the price in minutes. No forms, no discovery call."
