Campaign,Ad Group,Keyword,Match Type,Status,Final URL
2KOS | Systems | Search | ZA,Job cards,job card system,Exact,Enabled,https://2kosystems.com/systems/job-card-system
2KOS | Systems | Search | ZA,Job cards,job card software,Exact,Enabled,https://2kosystems.com/systems/job-card-system
2KOS | Systems | Search | ZA,Job cards,job card app,Exact,Enabled,https://2kosystems.com/systems/job-card-system
2KOS | Systems | Search | ZA,Job cards,work order system,Exact,Enabled,https://2kosystems.com/systems/job-card-system
2KOS | Systems | Search | ZA,Job cards,work order software,Exact,Enabled,https://2kosystems.com/systems/job-card-system
2KOS | Systems | Search | ZA,Job cards,job card system south africa,Exact,Enabled,https://2kosystems.com/systems/job-card-system
2KOS | Systems | Search | ZA,Job cards,field service software,Exact,Enabled,https://2kosystems.com/systems/job-card-system
2KOS | Systems | Search | ZA,Job cards,work order management system,Exact,Enabled,https://2kosystems.com/systems/job-card-system
2KOS | Systems | Search | ZA,Job cards,job card management system,Exact,Enabled,https://2kosystems.com/systems/job-card-system
2KOS | Systems | Search | ZA,Job cards,job card system,Phrase,Enabled,https://2kosystems.com/systems/job-card-system
2KOS | Systems | Search | ZA,Job cards,job card software,Phrase,Enabled,https://2kosystems.com/systems/job-card-system
2KOS | Systems | Search | ZA,Job cards,work order system,Phrase,Enabled,https://2kosystems.com/systems/job-card-system
2KOS | Systems | Search | ZA,Job cards,field service management software,Phrase,Enabled,https://2kosystems.com/systems/job-card-system
2KOS | Systems | Search | ZA,SHEQ incidents,incident reporting system,Exact,Enabled,https://2kosystems.com/systems/sheq-incident-reporting
2KOS | Systems | Search | ZA,SHEQ incidents,incident management system,Exact,Enabled,https://2kosystems.com/systems/sheq-incident-reporting
2KOS | Systems | Search | ZA,SHEQ incidents,sheq software,Exact,Enabled,https://2kosystems.com/systems/sheq-incident-reporting
2KOS | Systems | Search | ZA,SHEQ incidents,safety incident reporting software,Exact,Enabled,https://2kosystems.com/systems/sheq-incident-reporting
2KOS | Systems | Search | ZA,SHEQ incidents,incident reporting software south africa,Exact,Enabled,https://2kosystems.com/systems/sheq-incident-reporting
2KOS | Systems | Search | ZA,SHEQ incidents,sheq management system,Exact,Enabled,https://2kosystems.com/systems/sheq-incident-reporting
2KOS | Systems | Search | ZA,SHEQ incidents,safety management system,Exact,Enabled,https://2kosystems.com/systems/sheq-incident-reporting
2KOS | Systems | Search | ZA,SHEQ incidents,capa software,Exact,Enabled,https://2kosystems.com/systems/sheq-incident-reporting
2KOS | Systems | Search | ZA,SHEQ incidents,incident reporting system,Phrase,Enabled,https://2kosystems.com/systems/sheq-incident-reporting
2KOS | Systems | Search | ZA,SHEQ incidents,sheq management system,Phrase,Enabled,https://2kosystems.com/systems/sheq-incident-reporting
2KOS | Systems | Search | ZA,SHEQ incidents,safety management software,Phrase,Enabled,https://2kosystems.com/systems/sheq-incident-reporting
2KOS | Systems | Search | ZA,SHEQ incidents,incident management software,Phrase,Enabled,https://2kosystems.com/systems/sheq-incident-reporting
2KOS | Systems | Search | ZA,Contractor compliance,contractor management system,Exact,Enabled,https://2kosystems.com/systems/contractor-compliance
2KOS | Systems | Search | ZA,Contractor compliance,contractor compliance software,Exact,Enabled,https://2kosystems.com/systems/contractor-compliance
2KOS | Systems | Search | ZA,Contractor compliance,contractor management software,Exact,Enabled,https://2kosystems.com/systems/contractor-compliance
2KOS | Systems | Search | ZA,Contractor compliance,site access control system,Exact,Enabled,https://2kosystems.com/systems/contractor-compliance
2KOS | Systems | Search | ZA,Contractor compliance,induction tracking system,Exact,Enabled,https://2kosystems.com/systems/contractor-compliance
2KOS | Systems | Search | ZA,Contractor compliance,contractor compliance system,Exact,Enabled,https://2kosystems.com/systems/contractor-compliance
2KOS | Systems | Search | ZA,Contractor compliance,contractor management system south africa,Exact,Enabled,https://2kosystems.com/systems/contractor-compliance
2KOS | Systems | Search | ZA,Contractor compliance,contractor management system,Phrase,Enabled,https://2kosystems.com/systems/contractor-compliance
2KOS | Systems | Search | ZA,Contractor compliance,contractor compliance,Phrase,Enabled,https://2kosystems.com/systems/contractor-compliance
2KOS | Systems | Search | ZA,Contractor compliance,site induction software,Phrase,Enabled,https://2kosystems.com/systems/contractor-compliance
2KOS | Systems | Search | ZA,Contractor compliance,contractor management software,Phrase,Enabled,https://2kosystems.com/systems/contractor-compliance
2KOS | Systems | Search | ZA,Stock and assets,asset register software,Exact,Enabled,https://2kosystems.com/systems/stock-and-asset-register
2KOS | Systems | Search | ZA,Stock and assets,asset management system,Exact,Enabled,https://2kosystems.com/systems/stock-and-asset-register
2KOS | Systems | Search | ZA,Stock and assets,asset tracking system,Exact,Enabled,https://2kosystems.com/systems/stock-and-asset-register
2KOS | Systems | Search | ZA,Stock and assets,stock management system,Exact,Enabled,https://2kosystems.com/systems/stock-and-asset-register
2KOS | Systems | Search | ZA,Stock and assets,fixed asset register software,Exact,Enabled,https://2kosystems.com/systems/stock-and-asset-register
2KOS | Systems | Search | ZA,Stock and assets,stock control system,Exact,Enabled,https://2kosystems.com/systems/stock-and-asset-register
2KOS | Systems | Search | ZA,Stock and assets,asset register software south africa,Exact,Enabled,https://2kosystems.com/systems/stock-and-asset-register
2KOS | Systems | Search | ZA,Stock and assets,inventory management system south africa,Exact,Enabled,https://2kosystems.com/systems/stock-and-asset-register
2KOS | Systems | Search | ZA,Stock and assets,asset register software,Phrase,Enabled,https://2kosystems.com/systems/stock-and-asset-register
2KOS | Systems | Search | ZA,Stock and assets,asset tracking system,Phrase,Enabled,https://2kosystems.com/systems/stock-and-asset-register
2KOS | Systems | Search | ZA,Stock and assets,stock control system,Phrase,Enabled,https://2kosystems.com/systems/stock-and-asset-register
2KOS | Systems | Search | ZA,Stock and assets,fixed asset register,Phrase,Enabled,https://2kosystems.com/systems/stock-and-asset-register
2KOS | Systems | Search | ZA,Excel replacement,excel replacement,Exact,Enabled,https://2kosystems.com/get-off-excel
2KOS | Systems | Search | ZA,Excel replacement,replace excel with database,Exact,Enabled,https://2kosystems.com/get-off-excel
2KOS | Systems | Search | ZA,Excel replacement,spreadsheet replacement,Exact,Enabled,https://2kosystems.com/get-off-excel
2KOS | Systems | Search | ZA,Excel replacement,excel to web application,Exact,Enabled,https://2kosystems.com/get-off-excel
2KOS | Systems | Search | ZA,Excel replacement,replace spreadsheets with software,Exact,Enabled,https://2kosystems.com/get-off-excel
2KOS | Systems | Search | ZA,Excel replacement,excel alternative for business,Exact,Enabled,https://2kosystems.com/get-off-excel
2KOS | Systems | Search | ZA,Excel replacement,move off spreadsheets,Exact,Enabled,https://2kosystems.com/get-off-excel
2KOS | Systems | Search | ZA,Excel replacement,replace excel spreadsheet,Phrase,Enabled,https://2kosystems.com/get-off-excel
2KOS | Systems | Search | ZA,Excel replacement,spreadsheet replacement software,Phrase,Enabled,https://2kosystems.com/get-off-excel
2KOS | Systems | Search | ZA,Excel replacement,excel to database,Phrase,Enabled,https://2kosystems.com/get-off-excel
