Campaign,Keyword,Match Type
2KOS | Systems | Search | ZA,course,Phrase
2KOS | Systems | Search | ZA,courses,Phrase
2KOS | Systems | Search | ZA,training,Phrase
2KOS | Systems | Search | ZA,certification,Phrase
2KOS | Systems | Search | ZA,certificate,Phrase
2KOS | Systems | Search | ZA,diploma,Phrase
2KOS | Systems | Search | ZA,degree,Phrase
2KOS | Systems | Search | ZA,learnership,Phrase
2KOS | Systems | Search | ZA,academy,Phrase
2KOS | Systems | Search | ZA,college,Phrase
2KOS | Systems | Search | ZA,university,Phrase
2KOS | Systems | Search | ZA,tutorial,Phrase
2KOS | Systems | Search | ZA,class,Phrase
2KOS | Systems | Search | ZA,classes,Phrase
2KOS | Systems | Search | ZA,learn,Phrase
2KOS | Systems | Search | ZA,study,Phrase
2KOS | Systems | Search | ZA,exam,Phrase
2KOS | Systems | Search | ZA,syllabus,Phrase
2KOS | Systems | Search | ZA,short course,Phrase
2KOS | Systems | Search | ZA,free,Phrase
2KOS | Systems | Search | ZA,freeware,Phrase
2KOS | Systems | Search | ZA,open source,Phrase
2KOS | Systems | Search | ZA,opensource,Phrase
2KOS | Systems | Search | ZA,github,Phrase
2KOS | Systems | Search | ZA,crack,Phrase
2KOS | Systems | Search | ZA,torrent,Phrase
2KOS | Systems | Search | ZA,download,Phrase
2KOS | Systems | Search | ZA,template,Phrase
2KOS | Systems | Search | ZA,templates,Phrase
2KOS | Systems | Search | ZA,sample,Phrase
2KOS | Systems | Search | ZA,trial,Phrase
2KOS | Systems | Search | ZA,cheap,Phrase
2KOS | Systems | Search | ZA,cheapest,Phrase
2KOS | Systems | Search | ZA,jobs,Phrase
2KOS | Systems | Search | ZA,vacancy,Phrase
2KOS | Systems | Search | ZA,vacancies,Phrase
2KOS | Systems | Search | ZA,salary,Phrase
2KOS | Systems | Search | ZA,cv,Phrase
2KOS | Systems | Search | ZA,resume,Phrase
2KOS | Systems | Search | ZA,career,Phrase
2KOS | Systems | Search | ZA,careers,Phrase
2KOS | Systems | Search | ZA,hiring,Phrase
2KOS | Systems | Search | ZA,recruitment,Phrase
2KOS | Systems | Search | ZA,internship,Phrase
2KOS | Systems | Search | ZA,graduate programme,Phrase
2KOS | Systems | Search | ZA,what is,Phrase
2KOS | Systems | Search | ZA,meaning,Phrase
2KOS | Systems | Search | ZA,definition,Phrase
2KOS | Systems | Search | ZA,wikipedia,Phrase
2KOS | Systems | Search | ZA,pdf,Phrase
2KOS | Systems | Search | ZA,ppt,Phrase
2KOS | Systems | Search | ZA,examples,Phrase
2KOS | Systems | Search | ZA,how does it work,Phrase
2KOS | Systems | Search | ZA,excel formula,Phrase
2KOS | Systems | Search | ZA,excel formulas,Phrase
2KOS | Systems | Search | ZA,excel tips,Phrase
2KOS | Systems | Search | ZA,excel shortcuts,Phrase
2KOS | Systems | Search | ZA,vba,Phrase
2KOS | Systems | Search | ZA,macro,Phrase
2KOS | Systems | Search | ZA,pivot table,Phrase
2KOS | Systems | Search | ZA,google sheets,Phrase
2KOS | Systems | Search | ZA,excel course,Phrase
2KOS | Systems | Search | ZA,microsoft excel,Phrase
2KOS | Systems | Search | ZA,sage,Phrase
2KOS | Systems | Search | ZA,pastel,Phrase
2KOS | Systems | Search | ZA,syspro,Phrase
2KOS | Systems | Search | ZA,sap,Phrase
2KOS | Systems | Search | ZA,odoo,Phrase
2KOS | Systems | Search | ZA,zoho,Phrase
2KOS | Systems | Search | ZA,quickbooks,Phrase
2KOS | Systems | Search | ZA,xero,Phrase
2KOS | Systems | Search | ZA,salesforce,Phrase
2KOS | Systems | Search | ZA,monday com,Phrase
2KOS | Systems | Search | ZA,app development company,Phrase
